Date,Yield
1871-01-30 00:00:47,5.86
1871-02-27 00:00:47,5.78
1871-03-30 00:00:47,5.64
1871-04-29 00:00:47,5.49
1871-05-30 00:00:47,5.35
1871-06-29 00:00:47,5.39
1871-07-30 00:00:47,5.5
1871-08-30 00:00:47,5.43
1871-09-29 00:00:47,5.37
1871-10-30 00:00:47,5.66
1871-11-29 00:00:47,5.6
1871-12-30 00:00:47,5.49
1872-01-30 00:00:47,5.42
1872-02-28 00:00:47,5.47
1872-03-30 00:00:47,5.36
1872-04-29 00:00:47,5.28
1872-05-30 00:00:47,5.34
1872-06-29 00:00:47,5.46
1872-07-30 00:00:47,5.55
1872-08-30 00:00:47,5.69
1872-09-29 00:00:47,5.86
1872-10-30 00:00:47,5.9
1872-11-29 00:00:47,5.99
1872-12-30 00:00:47,5.92
1873-01-30 00:00:47,5.92
1873-02-27 00:00:47,5.92
1873-03-30 00:00:47,6.02
1873-04-29 00:00:47,6.15
1873-05-30 00:00:47,6.19
1873-06-29 00:00:47,6.33
1873-07-30 00:00:47,6.39
1873-08-30 00:00:47,6.44
1873-09-29 00:00:47,7.03
1873-10-30 00:00:47,7.76
1873-11-29 00:00:47,8.11
1873-12-30 00:00:47,7.47
1874-01-30 00:00:47,7.08
1874-02-27 00:00:47,6.88
1874-03-30 00:00:47,6.98
1874-04-29 00:00:47,7.17
1874-05-30 00:00:47,7.37
1874-06-29 00:00:47,7.4
1874-07-30 00:00:47,7.4
1874-08-30 00:00:47,7.38
1874-09-29 00:00:47,7.27
1874-10-30 00:00:47,7.28
1874-11-29 00:00:47,7.22
1874-12-30 00:00:47,7.27
1875-01-30 00:00:47,7.21
1875-02-27 00:00:47,7.17
1875-03-30 00:00:47,7.03
1875-04-29 00:00:47,6.88
1875-05-30 00:00:47,7.1
1875-06-29 00:00:47,7.19
1875-07-30 00:00:47,7.12
1875-08-30 00:00:47,7.03
1875-09-29 00:00:47,7.04
1875-10-30 00:00:47,7.09
1875-11-29 00:00:47,6.92
1875-12-30 00:00:47,6.86
1876-01-30 00:00:47,6.73
1876-02-28 00:00:47,6.64
1876-03-30 00:00:47,6.65
1876-04-29 00:00:47,6.91
1876-05-30 00:00:47,7.18
1876-06-29 00:00:47,7.23
1876-07-30 00:00:47,7.32
1876-08-30 00:00:47,7.63
1876-09-29 00:00:47,8.13
1876-10-30 00:00:47,8.17
1876-11-29 00:00:47,8.33
1876-12-30 00:00:47,8.38
1877-01-30 00:00:47,8.19
1877-02-27 00:00:47,8.43
1877-03-30 00:00:47,8.6
1877-04-29 00:00:47,8.96
1877-05-30 00:00:47,8.65
1877-06-29 00:00:47,8.97
1877-07-30 00:00:47,8.27
1877-08-30 00:00:47,7.43
1877-09-29 00:00:47,6.71
1877-10-30 00:00:47,6.29
1877-11-29 00:00:47,6.11
1877-12-30 00:00:47,5.85
1878-01-30 00:00:47,5.82
1878-02-27 00:00:47,5.92
1878-03-30 00:00:47,5.79
1878-04-29 00:00:47,5.61
1878-05-30 00:00:47,5.56
1878-06-29 00:00:47,5.43
1878-07-30 00:00:47,5.29
1878-08-30 00:00:47,5.31
1878-09-29 00:00:47,5.18
1878-10-30 00:00:47,5.22
1878-11-29 00:00:47,5.21
1878-12-30 00:00:47,5.22
1879-01-30 00:00:47,5.08
1879-02-27 00:00:47,4.94
1879-03-30 00:00:47,5.07
1879-04-29 00:00:47,4.95
1879-05-30 00:00:47,4.78
1879-06-29 00:00:47,4.8
1879-07-30 00:00:47,4.75
1879-08-30 00:00:47,4.75
1879-09-29 00:00:47,4.62
1879-10-30 00:00:47,4.2
1879-11-29 00:00:47,4.02
1879-12-30 00:00:47,4.07
1880-01-30 00:00:47,4.01
1880-02-28 00:00:47,4.04
1880-03-30 00:00:47,4.06
1880-04-29 00:00:47,4.25
1880-05-30 00:00:47,4.72
1880-06-29 00:00:47,4.8
1880-07-30 00:00:47,4.69
1880-08-30 00:00:47,4.62
1880-09-29 00:00:47,4.73
1880-10-30 00:00:47,4.69
1880-11-29 00:00:47,4.55
1880-12-30 00:00:47,4.45
1881-01-30 00:00:47,4.28
1881-02-27 00:00:47,4.38
1881-03-30 00:00:47,4.41
1881-04-29 00:00:47,4.5
1881-05-30 00:00:47,4.38
1881-06-29 00:00:47,4.41
1881-07-30 00:00:47,4.65
1881-08-30 00:00:47,4.84
1881-09-29 00:00:47,4.88
1881-10-30 00:00:47,5.04
1881-11-29 00:00:47,5.09
1881-12-30 00:00:47,5.32
1882-01-30 00:00:47,5.41
1882-02-27 00:00:47,5.53
1882-03-30 00:00:47,5.54
1882-04-29 00:00:47,5.54
1882-05-30 00:00:47,5.6
1882-06-29 00:00:47,5.63
1882-07-30 00:00:47,5.33
1882-08-30 00:00:47,5.18
1882-09-29 00:00:47,5.13
1882-10-30 00:00:47,5.27
1882-11-29 00:00:47,5.51
1882-12-30 00:00:47,5.48
1883-01-30 00:00:47,5.52
1883-02-27 00:00:47,5.66
1883-03-30 00:00:47,5.61
1883-04-29 00:00:47,5.51
1883-05-30 00:00:47,5.62
1883-06-29 00:00:47,5.58
1883-07-30 00:00:47,5.69
1883-08-30 00:00:47,5.97
1883-09-29 00:00:47,5.92
1883-10-30 00:00:47,6.1
1883-11-29 00:00:47,6.03
1883-12-30 00:00:47,6.18
1884-01-30 00:00:47,6.34
1884-02-28 00:00:47,6.14
1884-03-30 00:00:47,6.13
1884-04-29 00:00:47,6.39
1884-05-30 00:00:47,6.92
1884-06-29 00:00:47,7.17
1884-07-30 00:00:47,7.14
1884-08-30 00:00:47,6.68
1884-09-29 00:00:47,6.86
1884-10-30 00:00:47,7.06
1884-11-29 00:00:47,7.17
1884-12-30 00:00:47,7.14
1885-01-30 00:00:47,7.17
1885-02-27 00:00:47,6.83
1885-03-30 00:00:47,6.68
1885-04-29 00:00:47,6.56
1885-05-30 00:00:47,6.5
1885-06-29 00:00:47,6.4
1885-07-30 00:00:47,6.04
1885-08-30 00:00:47,5.59
1885-09-29 00:00:47,5.54
1885-10-30 00:00:47,5.12
1885-11-29 00:00:47,4.69
1885-12-30 00:00:47,4.62
1886-01-30 00:00:47,4.58
1886-02-27 00:00:47,4.47
1886-03-30 00:00:47,4.53
1886-04-29 00:00:47,4.56
1886-05-30 00:00:47,4.62
1886-06-29 00:00:47,4.38
1886-07-30 00:00:47,4.28
1886-08-30 00:00:47,4.22
1886-09-29 00:00:47,4.08
1886-10-30 00:00:47,3.95
1886-11-29 00:00:47,3.83
1886-12-30 00:00:47,3.9
1887-01-30 00:00:47,3.99
1887-02-27 00:00:47,4.06
1887-03-30 00:00:47,4.01
1887-04-29 00:00:47,3.97
1887-05-30 00:00:47,3.94
1887-06-29 00:00:47,4.1
1887-07-30 00:00:47,4.25
1887-08-30 00:00:47,4.4
1887-09-29 00:00:47,4.51
1887-10-30 00:00:47,4.71
1887-11-29 00:00:47,4.67
1887-12-30 00:00:47,4.74
1888-01-30 00:00:47,4.68
1888-02-28 00:00:47,4.67
1888-03-30 00:00:47,4.82
1888-04-29 00:00:47,4.77
1888-05-30 00:00:47,4.68
1888-06-29 00:00:47,4.79
1888-07-30 00:00:47,4.64
1888-08-30 00:00:47,4.51
1888-09-29 00:00:47,4.37
1888-10-30 00:00:47,4.36
1888-11-29 00:00:47,4.42
1888-12-30 00:00:47,4.47
1889-01-30 00:00:47,4.37
1889-02-27 00:00:47,4.31
1889-03-30 00:00:47,4.38
1889-04-29 00:00:47,4.38
1889-05-30 00:00:47,4.24
1889-06-29 00:00:47,4.16
1889-07-30 00:00:47,4.23
1889-08-30 00:00:47,4.16
1889-09-29 00:00:47,4.05
1889-10-30 00:00:47,4.11
1889-11-29 00:00:47,4.13
1889-12-30 00:00:47,4.14
1890-01-30 00:00:47,4.09
1890-02-27 00:00:47,4.14
1890-03-30 00:00:47,4.17
1890-04-29 00:00:47,4.08
1890-05-30 00:00:47,3.91
1890-06-29 00:00:47,3.94
1890-07-30 00:00:47,3.97
1890-08-30 00:00:47,4.07
1890-09-29 00:00:47,4.14
1890-10-30 00:00:47,4.33
1890-11-29 00:00:47,4.67
1890-12-30 00:00:47,4.78
1891-01-30 00:00:47,4.55
1891-02-27 00:00:47,4.49
1891-03-30 00:00:47,4.57
1891-04-29 00:00:47,4.43
1891-05-30 00:00:47,4.44
1891-06-29 00:00:47,4.54
1891-07-30 00:00:47,4.61
1891-08-30 00:00:47,4.46
1891-09-29 00:00:47,4.13
1891-10-30 00:00:47,4.13
1891-11-29 00:00:47,4.19
1891-12-30 00:00:47,4.07
1892-01-30 00:00:47,4.02
1892-02-28 00:00:47,4.05
1892-03-30 00:00:47,4.03
1892-04-29 00:00:47,4.07
1892-05-30 00:00:47,4.1
1892-06-29 00:00:47,4.15
1892-07-30 00:00:47,4.18
1892-08-30 00:00:47,4.15
1892-09-29 00:00:47,4.29
1892-10-30 00:00:47,4.23
1892-11-29 00:00:47,4.28
1892-12-30 00:00:47,4.36
1893-01-30 00:00:47,4.29
1893-02-27 00:00:47,4.39
1893-03-30 00:00:47,4.57
1893-04-29 00:00:47,4.58
1893-05-30 00:00:47,5.05
1893-06-29 00:00:47,5.31
1893-07-30 00:00:47,5.88
1893-08-30 00:00:47,6.05
1893-09-29 00:00:47,5.66
1893-10-30 00:00:47,5.52
1893-11-29 00:00:47,5.45
1893-12-30 00:00:47,5.67
1894-01-30 00:00:47,5.71
1894-02-27 00:00:47,5.55
1894-03-30 00:00:47,5.32
1894-04-29 00:00:47,5.18
1894-05-30 00:00:47,5.3
1894-06-29 00:00:47,5.3
1894-07-30 00:00:47,5.33
1894-08-30 00:00:47,5.06
1894-09-29 00:00:47,4.91
1894-10-30 00:00:47,4.99
1894-11-29 00:00:47,4.91
1894-12-30 00:00:47,4.88
1895-01-30 00:00:47,4.9
1895-02-27 00:00:47,4.93
1895-03-30 00:00:47,4.89
1895-04-29 00:00:47,4.65
1895-05-30 00:00:47,4.38
1895-06-29 00:00:47,4.26
1895-07-30 00:00:47,4.2
1895-08-30 00:00:47,4.11
1895-09-29 00:00:47,4.05
1895-10-30 00:00:47,4.07
1895-11-29 00:00:47,4.18
1895-12-30 00:00:47,4.4
1896-01-30 00:00:47,4.43
1896-02-28 00:00:47,4.23
1896-03-30 00:00:47,4.28
1896-04-29 00:00:47,4.22
1896-05-30 00:00:47,4.22
1896-06-29 00:00:47,4.28
1896-07-30 00:00:47,4.56
1896-08-30 00:00:47,4.81
1896-09-29 00:00:47,4.55
1896-10-30 00:00:47,4.43
1896-11-29 00:00:47,4.13
1896-12-30 00:00:47,4.27
1897-01-30 00:00:47,4.27
1897-02-27 00:00:47,4.31
1897-03-30 00:00:47,4.3
1897-04-29 00:00:47,4.43
1897-05-30 00:00:47,4.41
1897-06-29 00:00:47,4.22
1897-07-30 00:00:47,4.04
1897-08-30 00:00:47,3.79
1897-09-29 00:00:47,3.61
1897-10-30 00:00:47,3.73
1897-11-29 00:00:47,3.87
1897-12-30 00:00:47,3.79
1898-01-30 00:00:47,3.72
1898-02-27 00:00:47,3.76
1898-03-30 00:00:47,3.98
1898-04-29 00:00:47,4.09
1898-05-30 00:00:47,3.87
1898-06-29 00:00:47,3.75
1898-07-30 00:00:47,3.77
1898-08-30 00:00:47,3.67
1898-09-29 00:00:47,3.71
1898-10-30 00:00:47,3.82
1898-11-29 00:00:47,3.73
1898-12-30 00:00:47,3.54
1899-01-30 00:00:47,3.3
1899-02-27 00:00:47,3.2
1899-03-30 00:00:47,3.16
1899-04-29 00:00:47,3.14
1899-05-30 00:00:47,3.29
1899-06-29 00:00:47,3.38
1899-07-30 00:00:47,3.28
1899-08-30 00:00:47,3.21
1899-09-29 00:00:47,3.26
1899-10-30 00:00:47,3.29
1899-11-29 00:00:47,3.24
1899-12-30 00:00:47,3.49
1900-01-30 00:00:47,3.57
1900-02-27 00:00:47,3.62
1900-03-30 00:00:47,3.71
1900-04-29 00:00:47,3.79
1900-05-30 00:00:47,4.1
1900-06-29 00:00:47,4.35
1900-07-30 00:00:47,4.48
1900-08-30 00:00:47,4.55
1900-09-29 00:00:47,4.78
1900-10-30 00:00:47,4.74
1900-11-29 00:00:47,4.51
1900-12-30 00:00:47,4.37
1901-01-30 00:00:47,4.27
1901-02-27 00:00:47,4.18
1901-03-30 00:00:47,4.06
1901-04-29 00:00:47,3.77
1901-05-30 00:00:47,3.99
1901-06-29 00:00:47,3.65
1901-07-30 00:00:47,3.93
1901-08-30 00:00:47,3.9
1901-09-29 00:00:47,3.94
1901-10-30 00:00:47,4
1901-11-29 00:00:47,3.94
1901-12-30 00:00:47,4.03
1902-01-30 00:00:47,3.95
1902-02-27 00:00:47,3.93
1902-03-30 00:00:47,3.93
1902-04-29 00:00:47,3.81
1902-05-30 00:00:47,3.83
1902-06-29 00:00:47,3.86
1902-07-30 00:00:47,3.79
1902-08-30 00:00:47,3.7
1902-09-29 00:00:47,3.7
1902-10-30 00:00:47,3.83
1902-11-29 00:00:47,4
1902-12-30 00:00:47,4.1
1903-01-30 00:00:47,3.92
1903-02-27 00:00:47,3.96
1903-03-30 00:00:47,4.15
1903-04-29 00:00:47,4.34
1903-05-30 00:00:47,4.45
1903-06-29 00:00:47,4.74
1903-07-30 00:00:47,4.99
1903-08-30 00:00:47,5.18
1903-09-29 00:00:47,5.33
1903-10-30 00:00:47,5.54
1903-11-29 00:00:47,5.55
1903-12-30 00:00:47,5.33
1904-01-30 00:00:47,5.19
1904-02-28 00:00:47,5.28
1904-03-30 00:00:47,5.25
1904-04-29 00:00:47,5.07
1904-05-30 00:00:47,5.13
1904-06-29 00:00:47,5.07
1904-07-30 00:00:47,4.82
1904-08-30 00:00:47,4.61
1904-09-29 00:00:47,4.37
1904-10-30 00:00:47,4.09
1904-11-29 00:00:47,3.83
1904-12-30 00:00:47,3.76
1905-01-30 00:00:47,3.7
1905-02-27 00:00:47,3.56
1905-03-30 00:00:47,3.48
1905-04-29 00:00:47,3.54
1905-05-30 00:00:47,3.74
1905-06-29 00:00:47,3.72
1905-07-30 00:00:47,3.63
1905-08-30 00:00:47,3.51
1905-09-29 00:00:47,3.52
1905-10-30 00:00:47,3.49
1905-11-29 00:00:47,3.53
1905-12-30 00:00:47,3.46
1906-01-30 00:00:47,3.4
1906-02-27 00:00:47,3.49
1906-03-30 00:00:47,3.63
1906-04-29 00:00:47,3.75
1906-05-30 00:00:47,3.91
1906-06-29 00:00:47,3.92
1906-07-30 00:00:47,4.09
1906-08-30 00:00:47,3.87
1906-09-29 00:00:47,3.81
1906-10-30 00:00:47,3.99
1906-11-29 00:00:47,3.97
1906-12-30 00:00:47,4.07
1907-01-30 00:00:47,4.22
1907-02-27 00:00:47,4.39
1907-03-30 00:00:47,4.91
1907-04-29 00:00:47,4.93
1907-05-30 00:00:47,5.14
1907-06-29 00:00:47,5.36
1907-07-30 00:00:47,5.2
1907-08-30 00:00:47,5.67
1907-09-29 00:00:47,5.77
1907-10-30 00:00:47,6.53
1907-11-29 00:00:47,6.99
1907-12-30 00:00:47,6.7
1908-01-30 00:00:47,6.38
1908-02-28 00:00:47,6.57
1908-03-30 00:00:47,6.26
1908-04-29 00:00:47,5.89
1908-05-30 00:00:47,5.55
1908-06-29 00:00:47,5.5
1908-07-30 00:00:47,5.26
1908-08-30 00:00:47,5
1908-09-29 00:00:47,5.02
1908-10-30 00:00:47,4.92
1908-11-29 00:00:47,4.57
1908-12-30 00:00:47,4.43
1909-01-30 00:00:47,4.45
1909-02-27 00:00:47,4.62
1909-03-30 00:00:47,4.6
1909-04-29 00:00:47,4.43
1909-05-30 00:00:47,4.33
1909-06-29 00:00:47,4.29
1909-07-30 00:00:47,4.26
1909-08-30 00:00:47,4.19
1909-09-29 00:00:47,4.22
1909-10-30 00:00:47,4.24
1909-11-29 00:00:47,4.29
1909-12-30 00:00:47,4.27
1910-01-30 00:00:47,4.39
1910-02-27 00:00:47,4.58
1910-03-30 00:00:47,4.49
1910-04-29 00:00:47,4.63
1910-05-30 00:00:47,4.73
1910-06-29 00:00:47,5
1910-07-30 00:00:47,5.3
1910-08-30 00:00:47,5.2
1910-09-29 00:00:47,5.19
1910-10-30 00:00:47,4.99
1910-11-29 00:00:47,5.02
1910-12-30 00:00:47,5.19
1911-01-30 00:00:47,5.07
1911-02-27 00:00:47,4.98
1911-03-30 00:00:47,5.04
1911-04-29 00:00:47,5.06
1911-05-30 00:00:47,4.96
1911-06-29 00:00:47,4.86
1911-07-30 00:00:47,4.88
1911-08-30 00:00:47,5.13
1911-09-29 00:00:47,5.42
1911-10-30 00:00:47,5.39
1911-11-29 00:00:47,5.18
1911-12-30 00:00:47,5.16
1912-01-30 00:00:47,5.16
1912-02-28 00:00:47,5.22
1912-03-30 00:00:47,5.08
1912-04-29 00:00:47,4.94
1912-05-30 00:00:47,4.95
1912-06-29 00:00:47,4.96
1912-07-30 00:00:47,4.96
1912-08-30 00:00:47,4.86
1912-09-29 00:00:47,4.84
1912-10-30 00:00:47,4.86
1912-11-29 00:00:47,4.92
1912-12-30 00:00:47,5.12
1913-01-30 00:00:47,5.16
1913-02-27 00:00:47,5.35
1913-03-30 00:00:47,5.45
1913-04-29 00:00:47,5.46
1913-05-30 00:00:47,5.61
1913-06-29 00:00:47,5.91
1913-07-30 00:00:47,5.83
1913-08-30 00:00:47,5.68
1913-09-29 00:00:47,5.63
1913-10-30 00:00:47,5.81
1913-11-29 00:00:47,5.96
1913-12-30 00:00:47,5.97
1914-01-30 00:00:47,5.68
1914-02-27 00:00:47,5.54
1914-03-30 00:00:47,5.59
1914-04-29 00:00:47,5.67
1914-05-30 00:00:47,5.57
1914-06-29 00:00:47,5.54
1914-07-30 00:00:47,5.79
1914-08-30 00:00:47,5.73
1914-09-29 00:00:47,5.66
1914-10-30 00:00:47,5.6
1914-11-29 00:00:47,5.53
1914-12-30 00:00:47,5.71
1915-01-30 00:00:47,5.63
1915-02-27 00:00:47,5.71
1915-03-30 00:00:47,5.58
1915-04-29 00:00:47,5.2
1915-05-30 00:00:47,5.34
1915-06-29 00:00:47,5.29
1915-07-30 00:00:47,5.32
1915-08-30 00:00:47,5.11
1915-09-29 00:00:47,4.94
1915-10-30 00:00:47,4.69
1915-11-29 00:00:47,4.54
1915-12-30 00:00:47,4.54
1916-01-30 00:00:47,4.72
1916-02-28 00:00:47,4.91
1916-03-30 00:00:47,5.04
1916-04-29 00:00:47,5.22
1916-05-30 00:00:47,5.22
1916-06-29 00:00:47,5.29
1916-07-30 00:00:47,5.48
1916-08-30 00:00:47,5.56
1916-09-29 00:00:47,5.45
1916-10-30 00:00:47,5.39
1916-11-29 00:00:47,5.38
1916-12-30 00:00:47,5.71
1917-01-30 00:00:47,5.96
1917-02-27 00:00:47,6.44
1917-03-30 00:00:47,6.36
1917-04-29 00:00:47,6.58
1917-05-30 00:00:47,6.93
1917-06-29 00:00:47,6.91
1917-07-30 00:00:47,7.23
1917-08-30 00:00:47,7.58
1917-09-29 00:00:47,8.1
1917-10-30 00:00:47,8.7
1917-11-29 00:00:47,9.65
1917-12-30 00:00:47,10.15
1918-01-30 00:00:47,9.43
1918-02-27 00:00:47,9.02
1918-03-30 00:00:47,9.07
1918-04-29 00:00:47,9.02
1918-05-30 00:00:47,8.6
1918-06-29 00:00:47,8.46
1918-07-30 00:00:47,8.26
1918-08-30 00:00:47,8.05
1918-09-29 00:00:47,7.96
1918-10-30 00:00:47,7.51
1918-11-29 00:00:47,7.2
1918-12-30 00:00:47,7.22
1919-01-30 00:00:47,7.22
1919-02-27 00:00:47,7.15
1919-03-30 00:00:47,6.9
1919-04-29 00:00:47,6.64
1919-05-30 00:00:47,6.17
1919-06-29 00:00:47,5.97
1919-07-30 00:00:47,5.75
1919-08-30 00:00:47,6.13
1919-09-29 00:00:47,5.99
1919-10-30 00:00:47,5.67
1919-11-29 00:00:47,5.8
1919-12-30 00:00:47,5.94
1920-01-30 00:00:47,5.98
1920-02-28 00:00:47,6.5
1920-03-30 00:00:47,6.06
1920-04-29 00:00:47,6.08
1920-05-30 00:00:47,6.47
1920-06-29 00:00:47,6.57
1920-07-30 00:00:47,6.55
1920-08-30 00:00:47,6.8
1920-09-29 00:00:47,6.54
1920-10-30 00:00:47,6.51
1920-11-29 00:00:47,6.84
1920-12-30 00:00:47,7.49
1921-01-30 00:00:00,7.11
1921-02-27 00:00:00,7.11
1921-03-30 00:00:00,7.23
1921-04-29 00:00:00,7.14
1921-05-30 00:00:00,6.87
1921-06-29 00:00:00,7.4
1921-07-30 00:00:00,7.36
1921-08-30 00:00:00,7.39
1921-09-29 00:00:00,7.15
1921-10-30 00:00:00,6.99
1921-11-29 00:00:00,6.58
1921-12-30 00:00:00,6.29
1922-01-30 00:00:00,6.36
1922-02-27 00:00:00,6.28
1922-03-30 00:00:00,6.1
1922-04-29 00:00:00,5.81
1922-05-30 00:00:00,5.64
1922-06-29 00:00:00,5.74
1922-07-30 00:00:00,5.75
1922-08-30 00:00:00,5.59
1922-09-29 00:00:00,5.49
1922-10-30 00:00:00,5.42
1922-11-29 00:00:00,5.75
1922-12-30 00:00:00,5.81
1923-01-30 00:00:00,5.75
1923-02-27 00:00:00,5.53
1923-03-30 00:00:00,5.46
1923-04-29 00:00:00,5.68
1923-05-30 00:00:00,5.98
1923-06-29 00:00:00,6.24
1923-07-30 00:00:00,6.47
1923-08-30 00:00:00,6.46
1923-09-29 00:00:00,6.44
1923-10-30 00:00:00,6.56
1923-11-29 00:00:00,6.39
1923-12-30 00:00:00,6.2
1924-01-30 00:00:00,6.02
1924-02-28 00:00:00,6.01
1924-03-30 00:00:00,6.15
1924-04-29 00:00:00,6.31
1924-05-30 00:00:00,6.36
1924-06-29 00:00:00,6.26
1924-07-30 00:00:00,6
1924-08-30 00:00:00,5.82
1924-09-29 00:00:00,5.89
1924-10-30 00:00:00,5.99
1924-11-29 00:00:00,5.69
1924-12-30 00:00:00,5.41
1925-01-30 00:00:00,5.24
1925-02-27 00:00:00,5.23
1925-03-30 00:00:00,5.41
1925-04-29 00:00:00,5.51
1925-05-30 00:00:00,5.38
1925-06-29 00:00:00,5.32
1925-07-30 00:00:00,5.22
1925-08-30 00:00:00,5.18
1925-09-29 00:00:00,5.1
1925-10-30 00:00:00,4.98
1925-11-29 00:00:00,4.86
1925-12-30 00:00:00,4.82
1926-01-30 00:00:00,4.8
1926-02-27 00:00:00,4.85
1926-03-30 00:00:00,5.27
1926-04-29 00:00:00,5.49
1926-05-30 00:00:00,5.51
1926-06-29 00:00:00,5.33
1926-07-30 00:00:00,5.17
1926-08-30 00:00:00,5.03
1926-09-29 00:00:00,5.01
1926-10-30 00:00:00,5.18
1926-11-29 00:00:00,5.17
1926-12-30 00:00:00,5.11
1927-01-30 00:00:00,5.2
1927-02-27 00:00:00,5.15
1927-03-30 00:00:00,5.12
1927-04-29 00:00:00,5.04
1927-05-30 00:00:00,4.92
1927-06-29 00:00:00,4.9
1927-07-30 00:00:00,4.84
1927-08-30 00:00:00,4.64
1927-09-29 00:00:00,4.43
1927-10-30 00:00:00,4.54
1927-11-29 00:00:00,4.47
1927-12-30 00:00:00,4.41
1928-01-30 00:00:00,4.43
1928-02-28 00:00:00,4.52
1928-03-30 00:00:00,4.33
1928-04-29 00:00:00,4.11
1928-05-30 00:00:00,4.02
1928-06-29 00:00:00,4.26
1928-07-30 00:00:00,4.26
1928-08-30 00:00:00,4.16
1928-09-29 00:00:00,3.92
1928-10-30 00:00:00,3.87
1928-11-29 00:00:00,3.66
1928-12-30 00:00:00,3.67
1929-01-30 00:00:00,3.46
1929-02-27 00:00:00,3.48
1929-03-30 00:00:00,3.46
1929-04-29 00:00:00,3.52
1929-05-30 00:00:00,3.51
1929-06-29 00:00:00,3.48
1929-07-30 00:00:00,3.23
1929-08-30 00:00:00,3.09
1929-09-29 00:00:00,3
1929-10-30 00:00:00,3.39
1929-11-29 00:00:00,4.66
1929-12-30 00:00:00,4.53
1930-01-30 00:00:00,4.47
1930-02-27 00:00:00,4.21
1930-03-30 00:00:00,4.06
1930-04-29 00:00:00,3.82
1930-05-30 00:00:00,4.07
1930-06-29 00:00:00,4.53
1930-07-30 00:00:00,4.63
1930-08-30 00:00:00,4.7
1930-09-29 00:00:00,4.7
1930-10-30 00:00:00,5.46
1930-11-29 00:00:00,5.89
1930-12-30 00:00:00,6.32
1931-01-30 00:00:00,6.05
1931-02-27 00:00:00,5.54
1931-03-30 00:00:00,5.36
1931-04-29 00:00:00,5.84
1931-05-30 00:00:00,6.37
1931-06-29 00:00:00,6.49
1931-07-30 00:00:00,6.19
1931-08-30 00:00:00,6.28
1931-09-29 00:00:00,7.27
1931-10-30 00:00:00,8.26
1931-11-29 00:00:00,8.02
1931-12-30 00:00:00,9.72
1932-01-30 00:00:00,9.56
1932-02-28 00:00:00,9.32
1932-03-30 00:00:00,8.96
1932-04-29 00:00:00,11.36
1932-05-30 00:00:00,12.46
1932-06-29 00:00:00,13.84
1932-07-30 00:00:00,12.64
1932-08-30 00:00:00,8.06
1932-09-29 00:00:00,7.02
1932-10-30 00:00:00,7.77
1932-11-29 00:00:00,7.47
1932-12-30 00:00:00,7.33
1933-01-30 00:00:00,6.98
1933-02-27 00:00:00,7.84
1933-03-30 00:00:00,7.78
1933-04-29 00:00:00,6.97
1933-05-30 00:00:00,5.36
1933-06-29 00:00:00,4.52
1933-07-30 00:00:00,4.14
1933-08-30 00:00:00,4.31
1933-09-29 00:00:00,4.3
1933-10-30 00:00:00,4.71
1933-11-29 00:00:00,4.55
1933-12-30 00:00:00,4.41
1934-01-30 00:00:00,4.18
1934-02-27 00:00:00,3.9
1934-03-30 00:00:00,4.12
1934-04-29 00:00:00,4.06
1934-05-30 00:00:00,4.53
1934-06-29 00:00:00,4.48
1934-07-30 00:00:00,4.71
1934-08-30 00:00:00,4.91
1934-09-29 00:00:00,5.04
1934-10-30 00:00:00,5.01
1934-11-29 00:00:00,4.88
1934-12-30 00:00:00,4.86
1935-01-30 00:00:00,4.86
1935-02-27 00:00:00,5.01
1935-03-30 00:00:00,5.35
1935-04-29 00:00:00,4.94
1935-05-30 00:00:00,4.55
1935-06-29 00:00:00,4.35
1935-07-30 00:00:00,4.13
1935-08-30 00:00:00,3.87
1935-09-29 00:00:00,3.79
1935-10-30 00:00:00,3.78
1935-11-29 00:00:00,3.53
1935-12-30 00:00:00,3.6
1936-01-30 00:00:00,3.49
1936-02-28 00:00:00,3.37
1936-03-30 00:00:00,3.36
1936-04-29 00:00:00,3.47
1936-05-30 00:00:00,3.79
1936-06-29 00:00:00,3.74
1936-07-30 00:00:00,3.66
1936-08-30 00:00:00,3.72
1936-09-29 00:00:00,3.8
1936-10-30 00:00:00,3.83
1936-11-29 00:00:00,3.94
1936-12-30 00:00:00,4.22
1937-01-30 00:00:00,4.15
1937-02-27 00:00:00,4.09
1937-03-30 00:00:00,4.15
1937-04-29 00:00:00,4.59
1937-05-30 00:00:00,4.98
1937-06-29 00:00:00,5.37
1937-07-30 00:00:00,4.93
1937-08-30 00:00:00,4.74
1937-09-29 00:00:00,5.36
1937-10-30 00:00:00,6.35
1937-11-29 00:00:00,7.05
1937-12-30 00:00:00,7.26
1938-01-30 00:00:00,7.01
1938-02-27 00:00:00,7.13
1938-03-30 00:00:00,7.57
1938-04-29 00:00:00,7.75
1938-05-30 00:00:00,7.55
1938-06-29 00:00:00,7.25
1938-07-30 00:00:00,5.83
1938-08-30 00:00:00,5.58
1938-09-29 00:00:00,5.62
1938-10-30 00:00:00,4.67
1938-11-29 00:00:00,4.28
1938-12-30 00:00:00,4.02
1939-01-30 00:00:00,4.11
1939-02-27 00:00:00,4.17
1939-03-30 00:00:00,4.2
1939-04-29 00:00:00,4.83
1939-05-30 00:00:00,4.69
1939-06-29 00:00:00,4.64
1939-07-30 00:00:00,4.61
1939-08-30 00:00:00,4.77
1939-09-29 00:00:00,4.39
1939-10-30 00:00:00,4.5
1939-11-29 00:00:00,4.74
1939-12-30 00:00:00,5.01
1940-01-30 00:00:00,5.07
1940-02-28 00:00:00,5.13
1940-03-30 00:00:00,5.19
1940-04-29 00:00:00,5.19
1940-05-30 00:00:00,6.08
1940-06-29 00:00:00,6.72
1940-07-30 00:00:00,6.57
1940-08-30 00:00:00,6.5
1940-09-29 00:00:00,6.3
1940-10-30 00:00:00,6.24
1940-11-29 00:00:00,6.1
1940-12-30 00:00:00,6.36
1941-01-30 00:00:00,6.38
1941-02-27 00:00:00,6.84
1941-03-30 00:00:00,6.83
1941-04-29 00:00:00,7.09
1941-05-30 00:00:00,7.28
1941-06-29 00:00:00,7.07
1941-07-30 00:00:00,6.76
1941-08-30 00:00:00,6.82
1941-09-29 00:00:00,6.84
1941-10-30 00:00:00,7.15
1941-11-29 00:00:00,7.54
1941-12-30 00:00:00,8.11
1942-01-30 00:00:00,7.88
1942-02-27 00:00:00,8.05
1942-03-30 00:00:00,8.44
1942-04-29 00:00:00,8.67
1942-05-30 00:00:00,8.45
1942-06-29 00:00:00,7.92
1942-07-30 00:00:00,7.48
1942-08-30 00:00:00,7.37
1942-09-29 00:00:00,7.14
1942-10-30 00:00:00,6.55
1942-11-29 00:00:00,6.34
1942-12-30 00:00:00,6.2
1943-01-30 00:00:00,5.85
1943-02-27 00:00:00,5.52
1943-03-30 00:00:00,5.33
1943-04-29 00:00:00,5.16
1943-05-30 00:00:00,4.96
1943-06-29 00:00:00,4.88
1943-07-30 00:00:00,4.8
1943-08-30 00:00:00,5.08
1943-09-29 00:00:00,5
1943-10-30 00:00:00,5.08
1943-11-29 00:00:00,5.35
1943-12-30 00:00:00,5.31
1944-01-30 00:00:00,5.18
1944-02-28 00:00:00,5.24
1944-03-30 00:00:00,5.12
1944-04-29 00:00:00,5.24
1944-05-30 00:00:00,5.18
1944-06-29 00:00:00,4.97
1944-07-30 00:00:00,4.87
1944-08-30 00:00:00,4.97
1944-09-29 00:00:00,5.08
1944-10-30 00:00:00,4.96
1944-11-29 00:00:00,4.99
1944-12-30 00:00:00,4.89
1945-01-30 00:00:00,4.77
1945-02-27 00:00:00,4.64
1945-03-30 00:00:00,4.67
1945-04-29 00:00:00,4.55
1945-05-30 00:00:00,4.39
1945-06-29 00:00:00,4.31
1945-07-30 00:00:00,4.42
1945-08-30 00:00:00,4.43
1945-09-29 00:00:00,4.17
1945-10-30 00:00:00,4
1945-11-29 00:00:00,3.87
1945-12-30 00:00:00,3.81
1946-01-30 00:00:00,3.7
1946-02-27 00:00:00,3.73
1946-03-30 00:00:00,3.88
1946-04-29 00:00:00,3.64
1946-05-30 00:00:00,3.64
1946-06-29 00:00:00,3.66
1946-07-30 00:00:00,3.79
1946-08-30 00:00:00,3.88
1946-09-29 00:00:00,4.57
1946-10-30 00:00:00,4.72
1946-11-29 00:00:00,4.79
1946-12-30 00:00:00,4.69
1947-01-30 00:00:00,4.69
1947-02-27 00:00:00,4.54
1947-03-30 00:00:00,4.75
1947-04-29 00:00:00,5.02
1947-05-30 00:00:00,5.21
1947-06-29 00:00:00,5.12
1947-07-30 00:00:00,4.88
1947-08-30 00:00:00,5.05
1947-09-29 00:00:00,5.25
1947-10-30 00:00:00,5.22
1947-11-29 00:00:00,5.39
1947-12-30 00:00:00,5.59
1948-01-30 00:00:00,5.69
1948-02-28 00:00:00,6
1948-03-30 00:00:00,5.94
1948-04-29 00:00:00,5.52
1948-05-30 00:00:00,5.26
1948-06-29 00:00:00,5.05
1948-07-30 00:00:00,5.22
1948-08-30 00:00:00,5.42
1948-09-29 00:00:00,5.52
1948-10-30 00:00:00,5.5
1948-11-29 00:00:00,5.95
1948-12-30 00:00:00,6.12
1949-01-30 00:00:00,6.16
1949-02-27 00:00:00,6.52
1949-03-30 00:00:00,6.57
1949-04-29 00:00:00,6.67
1949-05-30 00:00:00,6.81
1949-06-29 00:00:00,7.3
1949-07-30 00:00:00,6.96
1949-08-30 00:00:00,6.76
1949-09-29 00:00:00,6.71
1949-10-30 00:00:00,6.75
1949-11-29 00:00:00,6.87
1949-12-30 00:00:00,6.89
1950-01-30 00:00:00,6.81
1950-02-27 00:00:00,6.74
1950-03-30 00:00:00,6.74
1950-04-29 00:00:00,6.61
1950-05-30 00:00:00,6.45
1950-06-29 00:00:00,6.4
1950-07-30 00:00:00,7.15
1950-08-30 00:00:00,6.98
1950-09-29 00:00:00,6.97
1950-10-30 00:00:00,6.93
1950-11-29 00:00:00,7.18
1950-12-30 00:00:00,7.44
1951-01-30 00:00:00,7.01
1951-02-27 00:00:00,6.83
1951-03-30 00:00:00,7.03
1951-04-29 00:00:00,7
1951-05-30 00:00:00,7.05
1951-06-29 00:00:00,7.24
1951-07-30 00:00:00,7.05
1951-08-30 00:00:00,6.7
1951-09-29 00:00:00,6.47
1951-10-30 00:00:00,6.35
1951-11-29 00:00:00,6.37
1951-12-30 00:00:00,6.02
1952-01-30 00:00:00,5.84
1952-02-28 00:00:00,5.96
1952-03-30 00:00:00,5.96
1952-04-29 00:00:00,6.02
1952-05-30 00:00:00,6.07
1952-06-29 00:00:00,5.95
1952-07-30 00:00:00,5.78
1952-08-30 00:00:00,5.76
1952-09-29 00:00:00,5.85
1952-10-30 00:00:00,5.92
1952-11-29 00:00:00,5.69
1952-12-30 00:00:00,5.41
1953-01-30 00:00:00,5.39
1953-02-27 00:00:00,5.45
1953-03-30 00:00:00,5.43
1953-04-29 00:00:00,5.72
1953-05-30 00:00:00,5.7
1953-06-29 00:00:00,5.93
1953-07-30 00:00:00,5.85
1953-08-30 00:00:00,5.82
1953-09-29 00:00:00,6.1
1953-10-30 00:00:00,5.97
1953-11-29 00:00:00,5.88
1953-12-30 00:00:00,5.84
1954-01-30 00:00:00,5.72
1954-02-27 00:00:00,5.62
1954-03-30 00:00:00,5.53
1954-04-29 00:00:00,5.3
1954-05-30 00:00:00,5.07
1954-06-29 00:00:00,5.01
1954-07-30 00:00:00,4.83
1954-08-30 00:00:00,4.76
1954-09-29 00:00:00,4.67
1954-10-30 00:00:00,4.64
1954-11-29 00:00:00,4.54
1954-12-30 00:00:00,4.4
1955-01-30 00:00:00,4.34
1955-02-27 00:00:00,4.22
1955-03-30 00:00:00,4.27
1955-04-29 00:00:00,4.14
1955-05-30 00:00:00,4.17
1955-06-29 00:00:00,3.95
1955-07-30 00:00:00,3.72
1955-08-30 00:00:00,3.78
1955-09-29 00:00:00,3.65
1955-10-30 00:00:00,3.86
1955-11-29 00:00:00,3.63
1955-12-30 00:00:00,3.61
1956-01-30 00:00:00,3.78
1956-02-28 00:00:00,3.83
1956-03-30 00:00:00,3.64
1956-04-29 00:00:00,3.65
1956-05-30 00:00:00,3.82
1956-06-29 00:00:00,3.89
1956-07-30 00:00:00,3.72
1956-08-30 00:00:00,3.77
1956-09-29 00:00:00,3.93
1956-10-30 00:00:00,3.91
1956-11-29 00:00:00,3.88
1956-12-30 00:00:00,3.75
1957-01-30 00:00:00,3.82
1957-02-27 00:00:00,3.99
1957-03-30 00:00:00,3.93
1957-04-29 00:00:00,3.84
1957-05-30 00:00:00,3.7
1957-06-29 00:00:00,3.64
1957-07-30 00:00:00,3.59
1957-08-30 00:00:00,3.82
1957-09-29 00:00:00,4
1957-10-30 00:00:00,4.29
1957-11-29 00:00:00,4.41
1957-12-30 00:00:00,4.44
1958-01-30 00:00:00,4.34
1958-02-27 00:00:00,4.31
1958-03-30 00:00:00,4.2
1958-04-29 00:00:00,4.15
1958-05-30 00:00:00,3.99
1958-06-29 00:00:00,3.87
1958-07-30 00:00:00,3.76
1958-08-30 00:00:00,3.63
1958-09-29 00:00:00,3.53
1958-10-30 00:00:00,3.41
1958-11-29 00:00:00,3.32
1958-12-30 00:00:00,3.27
1959-01-30 00:00:00,3.16
1959-02-27 00:00:00,3.22
1959-03-30 00:00:00,3.15
1959-04-29 00:00:00,3.11
1959-05-30 00:00:00,3.08
1959-06-29 00:00:00,3.12
1959-07-30 00:00:00,3.01
1959-08-30 00:00:00,3.04
1959-09-29 00:00:00,3.17
1959-10-30 00:00:00,3.19
1959-11-29 00:00:00,3.19
1959-12-30 00:00:00,3.1
1960-01-30 00:00:00,3.22
1960-02-28 00:00:00,3.41
1960-03-30 00:00:00,3.53
1960-04-29 00:00:00,3.49
1960-05-30 00:00:00,3.53
1960-06-29 00:00:00,3.41
1960-07-30 00:00:00,3.49
1960-08-30 00:00:00,3.45
1960-09-29 00:00:00,3.56
1960-10-30 00:00:00,3.63
1960-11-29 00:00:00,3.52
1960-12-30 00:00:00,3.43
1961-01-30 00:00:00,3.26
1961-02-27 00:00:00,3.13
1961-03-30 00:00:00,3.03
1961-04-29 00:00:00,2.95
1961-05-30 00:00:00,2.92
1961-06-29 00:00:00,2.96
1961-07-30 00:00:00,2.97
1961-08-30 00:00:00,2.88
1961-09-29 00:00:00,2.91
1961-10-30 00:00:00,2.91
1961-11-29 00:00:00,2.81
1961-12-30 00:00:00,2.82
1962-01-30 00:00:00,2.93
1962-02-27 00:00:00,2.9
1962-03-30 00:00:00,2.9
1962-04-29 00:00:00,3.01
1962-05-30 00:00:00,3.26
1962-06-29 00:00:00,3.7
1962-07-30 00:00:00,3.63
1962-08-30 00:00:00,3.54
1962-09-29 00:00:00,3.59
1962-10-30 00:00:00,3.73
1962-11-29 00:00:00,3.52
1962-12-30 00:00:00,3.4
1963-01-30 00:00:00,3.28
1963-02-27 00:00:00,3.25
1963-03-30 00:00:00,3.27
1963-04-29 00:00:00,3.15
1963-05-30 00:00:00,3.11
1963-06-29 00:00:00,3.14
1963-07-30 00:00:00,3.19
1963-08-30 00:00:00,3.11
1963-09-29 00:00:00,3.03
1963-10-30 00:00:00,3.06
1963-11-29 00:00:00,3.11
1963-12-30 00:00:00,3.07
1964-01-30 00:00:00,3
1964-02-28 00:00:00,2.99
1964-03-30 00:00:00,2.96
1964-04-29 00:00:00,2.94
1964-05-30 00:00:00,2.93
1964-06-29 00:00:00,2.97
1964-07-30 00:00:00,2.88
1964-08-30 00:00:00,2.95
1964-09-29 00:00:00,2.93
1964-10-30 00:00:00,2.9
1964-11-29 00:00:00,2.9
1964-12-30 00:00:00,2.98
1965-01-30 00:00:00,2.92
1965-02-27 00:00:00,2.92
1965-03-30 00:00:00,2.94
1965-04-29 00:00:00,2.92
1965-05-30 00:00:00,2.9
1965-06-29 00:00:00,3.07
1965-07-30 00:00:00,3.09
1965-08-30 00:00:00,3.06
1965-09-29 00:00:00,2.98
1965-10-30 00:00:00,2.93
1965-11-29 00:00:00,2.93
1965-12-30 00:00:00,2.97
1966-01-30 00:00:00,2.94
1966-02-27 00:00:00,2.98
1966-03-30 00:00:00,3.13
1966-04-29 00:00:00,3.05
1966-05-30 00:00:00,3.24
1966-06-29 00:00:00,3.29
1966-07-30 00:00:00,3.32
1966-08-30 00:00:00,3.56
1966-09-29 00:00:00,3.71
1966-10-30 00:00:00,3.74
1966-11-29 00:00:00,3.55
1966-12-30 00:00:00,3.53
1967-01-30 00:00:00,3.41
1967-02-27 00:00:00,3.31
1967-03-30 00:00:00,3.24
1967-04-29 00:00:00,3.19
1967-05-30 00:00:00,3.13
1967-06-29 00:00:00,3.17
1967-07-30 00:00:00,3.13
1967-08-30 00:00:00,3.08
1967-09-29 00:00:00,3.05
1967-10-30 00:00:00,3.05
1967-11-29 00:00:00,3.15
1967-12-30 00:00:00,3.06
1968-01-30 00:00:00,3.08
1968-02-28 00:00:00,3.24
1968-03-30 00:00:00,3.31
1968-04-29 00:00:00,3.1
1968-05-30 00:00:00,3.04
1968-06-29 00:00:00,2.98
1968-07-30 00:00:00,2.99
1968-08-30 00:00:00,3.07
1968-09-29 00:00:00,2.99
1968-10-30 00:00:00,2.93
1968-11-29 00:00:00,2.9
1968-12-30 00:00:00,2.88
1969-01-30 00:00:00,3.02
1969-02-27 00:00:00,3.04
1969-03-30 00:00:00,3.12
1969-04-29 00:00:00,3.07
1969-05-30 00:00:00,2.98
1969-06-29 00:00:00,3.16
1969-07-30 00:00:00,3.31
1969-08-30 00:00:00,3.34
1969-09-29 00:00:00,3.33
1969-10-30 00:00:00,3.3
1969-11-29 00:00:00,3.28
1969-12-30 00:00:00,3.47
1970-01-30 00:00:00,3.5
1970-02-27 00:00:00,3.63
1970-03-30 00:00:00,3.58
1970-04-29 00:00:00,3.69
1970-05-30 00:00:00,4.18
1970-06-29 00:00:00,4.21
1970-07-30 00:00:00,4.2
1970-08-30 00:00:00,4.09
1970-09-29 00:00:00,3.86
1970-10-30 00:00:00,3.76
1970-11-29 00:00:00,3.75
1970-12-30 00:00:00,3.49
1971-01-30 00:00:00,3.35
1971-02-27 00:00:00,3.21
1971-03-30 00:00:00,3.12
1971-04-29 00:00:00,3.02
1971-05-30 00:00:00,3.05
1971-06-29 00:00:00,3.11
1971-07-30 00:00:00,3.13
1971-08-30 00:00:00,3.18
1971-09-29 00:00:00,3.11
1971-10-30 00:00:00,3.17
1971-11-29 00:00:00,3.32
1971-12-30 00:00:00,3.1
1972-01-30 00:00:00,2.97
1972-02-28 00:00:00,2.92
1972-03-30 00:00:00,2.85
1972-04-29 00:00:00,2.82
1972-05-30 00:00:00,2.85
1972-06-29 00:00:00,2.84
1972-07-30 00:00:00,2.87
1972-08-30 00:00:00,2.77
1972-09-29 00:00:00,2.82
1972-10-30 00:00:00,2.83
1972-11-29 00:00:00,2.72
1972-12-30 00:00:00,2.68
1973-01-30 00:00:00,2.67
1973-02-27 00:00:00,2.77
1973-03-30 00:00:00,2.82
1973-04-29 00:00:00,2.89
1973-05-30 00:00:00,2.99
1973-06-29 00:00:00,3.07
1973-07-30 00:00:00,3.06
1973-08-30 00:00:00,3.13
1973-09-29 00:00:00,3.1
1973-10-30 00:00:00,3.01
1973-11-29 00:00:00,3.28
1973-12-30 00:00:00,3.57
1974-01-30 00:00:00,3.54
1974-02-27 00:00:00,3.66
1974-03-30 00:00:00,3.53
1974-04-29 00:00:00,3.74
1974-05-30 00:00:00,3.88
1974-06-29 00:00:00,3.9
1974-07-30 00:00:00,4.45
1974-08-30 00:00:00,4.68
1974-09-29 00:00:00,5.27
1974-10-30 00:00:00,5.17
1974-11-29 00:00:00,5.01
1974-12-30 00:00:00,5.37
1975-01-30 00:00:00,4.99
1975-02-27 00:00:00,4.55
1975-03-30 00:00:00,4.38
1975-04-29 00:00:00,4.35
1975-05-30 00:00:00,4.1
1975-06-29 00:00:00,4.02
1975-07-30 00:00:00,4.01
1975-08-30 00:00:00,4.33
1975-09-29 00:00:00,4.38
1975-10-30 00:00:00,4.18
1975-11-29 00:00:00,4.1
1975-12-30 00:00:00,4.15
1976-01-30 00:00:00,3.8
1976-02-28 00:00:00,3.66
1976-03-30 00:00:00,3.65
1976-04-29 00:00:00,3.64
1976-05-30 00:00:00,3.69
1976-06-29 00:00:00,3.69
1976-07-30 00:00:00,3.64
1976-08-30 00:00:00,3.7
1976-09-29 00:00:00,3.65
1976-10-30 00:00:00,3.84
1976-11-29 00:00:00,3.94
1976-12-30 00:00:00,3.87
1977-01-30 00:00:00,3.95
1977-02-27 00:00:00,4.1
1977-03-30 00:00:00,4.17
1977-04-29 00:00:00,4.29
1977-05-30 00:00:00,4.36
1977-06-29 00:00:00,4.39
1977-07-30 00:00:00,4.4
1977-08-30 00:00:00,4.56
1977-09-29 00:00:00,4.68
1977-10-30 00:00:00,4.86
1977-11-29 00:00:00,4.89
1977-12-30 00:00:00,4.98
1978-01-30 00:00:00,5.22
1978-02-27 00:00:00,5.35
1978-03-30 00:00:00,5.4
1978-04-29 00:00:00,5.22
1978-05-30 00:00:00,5
1978-06-29 00:00:00,5.03
1978-07-30 00:00:00,5.09
1978-08-30 00:00:00,4.8
1978-09-29 00:00:00,4.83
1978-10-30 00:00:00,5.01
1978-11-29 00:00:00,5.34
1978-12-30 00:00:00,5.28
1979-01-30 00:00:00,5.13
1979-02-27 00:00:00,5.25
1979-03-30 00:00:00,5.19
1979-04-29 00:00:00,5.14
1979-05-30 00:00:00,5.31
1979-06-29 00:00:00,5.25
1979-07-30 00:00:00,5.25
1979-08-30 00:00:00,5.08
1979-09-29 00:00:00,5.07
1979-10-30 00:00:00,5.32
1979-11-29 00:00:00,5.4
1979-12-30 00:00:00,5.24
1980-01-30 00:00:00,5.14
1980-02-28 00:00:00,4.99
1980-03-30 00:00:00,5.54
1980-04-29 00:00:00,5.68
1980-05-30 00:00:00,5.47
1980-06-29 00:00:00,5.18
1980-07-30 00:00:00,4.99
1980-08-30 00:00:00,4.88
1980-09-29 00:00:00,4.8
1980-10-30 00:00:00,4.69
1980-11-29 00:00:00,4.52
1980-12-30 00:00:00,4.61
1981-01-30 00:00:00,4.66
1981-02-27 00:00:00,4.86
1981-03-30 00:00:00,4.71
1981-04-29 00:00:00,4.7
1981-05-30 00:00:00,4.82
1981-06-29 00:00:00,4.83
1981-07-30 00:00:00,4.98
1981-08-30 00:00:00,5
1981-09-29 00:00:00,5.51
1981-10-30 00:00:00,5.47
1981-11-29 00:00:00,5.36
1981-12-30 00:00:00,5.36
1982-01-30 00:00:00,5.68
1982-02-27 00:00:00,5.84
1982-03-30 00:00:00,6.06
1982-04-29 00:00:00,5.8
1982-05-30 00:00:00,5.82
1982-06-29 00:00:00,6.21
1982-07-30 00:00:00,6.24
1982-08-30 00:00:00,6.23
1982-09-29 00:00:00,5.6
1982-10-30 00:00:00,5.17
1982-11-29 00:00:00,4.97
1982-12-30 00:00:00,4.93
1983-01-30 00:00:00,4.77
1983-02-27 00:00:00,4.7
1983-03-30 00:00:00,4.55
1983-04-29 00:00:00,4.39
1983-05-30 00:00:00,4.22
1983-06-29 00:00:00,4.17
1983-07-30 00:00:00,4.17
1983-08-30 00:00:00,4.3
1983-09-29 00:00:00,4.19
1983-10-30 00:00:00,4.19
1983-11-29 00:00:00,4.27
1983-12-30 00:00:00,4.31
1984-01-30 00:00:00,4.28
1984-02-28 00:00:00,4.55
1984-03-30 00:00:00,4.56
1984-04-29 00:00:00,4.58
1984-05-30 00:00:00,4.64
1984-06-29 00:00:00,4.77
1984-07-30 00:00:00,4.85
1984-08-30 00:00:00,4.47
1984-09-29 00:00:00,4.44
1984-10-30 00:00:00,4.51
1984-11-29 00:00:00,4.5
1984-12-30 00:00:00,4.58
1985-01-30 00:00:00,4.41
1985-02-27 00:00:00,4.21
1985-03-30 00:00:00,4.27
1985-04-29 00:00:00,4.26
1985-05-30 00:00:00,4.17
1985-06-29 00:00:00,4.1
1985-07-30 00:00:00,4.04
1985-08-30 00:00:00,4.15
1985-09-29 00:00:00,4.26
1985-10-30 00:00:00,4.22
1985-11-29 00:00:00,3.99
1985-12-30 00:00:00,3.81
1986-01-30 00:00:00,3.81
1986-02-27 00:00:00,3.64
1986-03-30 00:00:00,3.45
1986-04-29 00:00:00,3.38
1986-05-30 00:00:00,3.39
1986-06-29 00:00:00,3.3
1986-07-30 00:00:00,3.39
1986-08-30 00:00:00,3.34
1986-09-29 00:00:00,3.45
1986-10-30 00:00:00,3.47
1986-11-29 00:00:00,3.37
1986-12-30 00:00:00,3.33
1987-01-30 00:00:00,3.14
1987-02-27 00:00:00,2.96
1987-03-30 00:00:00,2.85
1987-04-29 00:00:00,2.9
1987-05-30 00:00:00,2.93
1987-06-29 00:00:00,2.83
1987-07-30 00:00:00,2.76
1987-08-30 00:00:00,2.61
1987-09-29 00:00:00,2.72
1987-10-30 00:00:00,3.11
1987-11-29 00:00:00,3.58
1987-12-30 00:00:00,3.66
1988-01-30 00:00:00,3.54
1988-02-28 00:00:00,3.45
1988-03-30 00:00:00,3.37
1988-04-29 00:00:00,3.44
1988-05-30 00:00:00,3.57
1988-06-29 00:00:00,3.41
1988-07-30 00:00:00,3.46
1988-08-30 00:00:00,3.56
1988-09-29 00:00:00,3.53
1988-10-30 00:00:00,3.44
1988-11-29 00:00:00,3.56
1988-12-30 00:00:00,3.53
1989-01-30 00:00:00,3.45
1989-02-27 00:00:00,3.38
1989-03-30 00:00:00,3.42
1989-04-29 00:00:00,3.35
1989-05-30 00:00:00,3.27
1989-06-29 00:00:00,3.2
1989-07-30 00:00:00,3.16
1989-08-30 00:00:00,3.06
1989-09-29 00:00:00,3.09
1989-10-30 00:00:00,3.12
1989-11-29 00:00:00,3.22
1989-12-30 00:00:00,3.17
1990-01-30 00:00:00,3.28
1990-02-27 00:00:00,3.4
1990-03-30 00:00:00,3.34
1990-04-29 00:00:00,3.38
1990-05-30 00:00:00,3.3
1990-06-29 00:00:00,3.24
1990-07-30 00:00:00,3.26
1990-08-30 00:00:00,3.56
1990-09-29 00:00:00,3.75
1990-10-30 00:00:00,3.88
1990-11-29 00:00:00,3.81
1990-12-30 00:00:00,3.68
1991-01-30 00:00:00,3.72
1991-02-27 00:00:00,3.34
1991-03-30 00:00:00,3.25
1991-04-29 00:00:00,3.19
1991-05-30 00:00:00,3.21
1991-06-29 00:00:00,3.21
1991-07-30 00:00:00,3.21
1991-08-30 00:00:00,3.14
1991-09-29 00:00:00,3.17
1991-10-30 00:00:00,3.17
1991-11-29 00:00:00,3.17
1991-12-30 00:00:00,3.14
1992-01-30 00:00:00,2.94
1992-02-28 00:00:00,2.98
1992-03-30 00:00:00,3.03
1992-04-29 00:00:00,3.02
1992-05-30 00:00:00,2.97
1992-06-29 00:00:00,3.02
1992-07-30 00:00:00,2.97
1992-08-30 00:00:00,2.96
1992-09-29 00:00:00,2.96
1992-10-30 00:00:00,3
1992-11-29 00:00:00,2.93
1992-12-30 00:00:00,2.84
1993-01-30 00:00:00,2.85
1993-02-27 00:00:00,2.82
1993-03-30 00:00:00,2.77
1993-04-29 00:00:00,2.82
1993-05-30 00:00:00,2.81
1993-06-29 00:00:00,2.79
1993-07-30 00:00:00,2.8
1993-08-30 00:00:00,2.76
1993-09-29 00:00:00,2.73
1993-10-30 00:00:00,2.7
1993-11-29 00:00:00,2.71
1993-12-30 00:00:00,2.7
1994-01-30 00:00:00,2.67
1994-02-27 00:00:00,2.69
1994-03-30 00:00:00,2.74
1994-04-29 00:00:00,2.85
1994-05-30 00:00:00,2.84
1994-06-29 00:00:00,2.82
1994-07-30 00:00:00,2.85
1994-08-30 00:00:00,2.78
1994-09-29 00:00:00,2.77
1994-10-30 00:00:00,2.8
1994-11-29 00:00:00,2.84
1994-12-30 00:00:00,2.89
1995-01-30 00:00:00,2.83
1995-02-27 00:00:00,2.73
1995-03-30 00:00:00,2.67
1995-04-29 00:00:00,2.61
1995-05-30 00:00:00,2.54
1995-06-29 00:00:00,2.48
1995-07-30 00:00:00,2.41
1995-08-30 00:00:00,2.42
1995-09-29 00:00:00,2.35
1995-10-30 00:00:00,2.34
1995-11-29 00:00:00,2.3
1995-12-30 00:00:00,2.24
1996-01-30 00:00:00,2.26
1996-02-28 00:00:00,2.16
1996-03-30 00:00:00,2.18
1996-04-29 00:00:00,2.19
1996-05-30 00:00:00,2.15
1996-06-29 00:00:00,2.14
1996-07-30 00:00:00,2.24
1996-08-30 00:00:00,2.19
1996-09-29 00:00:00,2.17
1996-10-30 00:00:00,2.1
1996-11-29 00:00:00,2.01
1996-12-30 00:00:00,2
1997-01-30 00:00:00,1.95
1997-02-27 00:00:00,1.88
1997-03-30 00:00:00,1.9
1997-04-29 00:00:00,1.98
1997-05-30 00:00:00,1.82
1997-06-29 00:00:00,1.73
1997-07-30 00:00:00,1.64
1997-08-30 00:00:00,1.65
1997-09-29 00:00:00,1.64
1997-10-30 00:00:00,1.62
1997-11-29 00:00:00,1.64
1997-12-30 00:00:00,1.61
1998-01-30 00:00:00,1.61
1998-02-27 00:00:00,1.52
1998-03-30 00:00:00,1.45
1998-04-29 00:00:00,1.42
1998-05-30 00:00:00,1.43
1998-06-29 00:00:00,1.44
1998-07-30 00:00:00,1.38
1998-08-30 00:00:00,1.5
1998-09-29 00:00:00,1.58
1998-10-30 00:00:00,1.57
1998-11-29 00:00:00,1.41
1998-12-30 00:00:00,1.36
1999-01-30 00:00:00,1.3
1999-02-27 00:00:00,1.31
1999-03-30 00:00:00,1.28
1999-04-29 00:00:00,1.23
1999-05-30 00:00:00,1.23
1999-06-29 00:00:00,1.24
1999-07-30 00:00:00,1.2
1999-08-30 00:00:00,1.25
1999-09-29 00:00:00,1.26
1999-10-30 00:00:00,1.28
1999-11-29 00:00:00,1.2
1999-12-30 00:00:00,1.17
2000-01-30 00:00:00,1.17
2000-02-28 00:00:00,1.21
2000-03-30 00:00:00,1.16
2000-04-29 00:00:00,1.15
2000-05-30 00:00:00,1.18
2000-06-29 00:00:00,1.14
2000-07-30 00:00:00,1.13
2000-08-30 00:00:00,1.11
2000-09-29 00:00:00,1.11
2000-10-30 00:00:00,1.17
2000-11-29 00:00:00,1.18
2000-12-30 00:00:00,1.22
2001-01-30 00:00:00,1.21
2001-02-27 00:00:00,1.23
2001-03-30 00:00:00,1.35
2001-04-29 00:00:00,1.33
2001-05-30 00:00:00,1.24
2001-06-29 00:00:00,1.27
2001-07-30 00:00:00,1.3
2001-08-30 00:00:00,1.33
2001-09-29 00:00:00,1.51
2001-10-30 00:00:00,1.46
2001-11-29 00:00:00,1.39
2001-12-30 00:00:00,1.37
2002-01-30 00:00:00,1.38
2002-02-27 00:00:00,1.43
2002-03-30 00:00:00,1.36
2002-04-29 00:00:00,1.42
2002-05-30 00:00:00,1.48
2002-06-29 00:00:00,1.58
2002-07-30 00:00:00,1.77
2002-08-30 00:00:00,1.74
2002-09-29 00:00:00,1.82
2002-10-30 00:00:00,1.86
2002-11-29 00:00:00,1.76
2002-12-30 00:00:00,1.79
2003-01-30 00:00:00,1.8
2003-02-27 00:00:00,1.93
2003-03-30 00:00:00,1.92
2003-04-29 00:00:00,1.82
2003-05-30 00:00:00,1.73
2003-06-29 00:00:00,1.64
2003-07-30 00:00:00,1.64
2003-08-30 00:00:00,1.66
2003-09-29 00:00:00,1.63
2003-10-30 00:00:00,1.62
2003-11-29 00:00:00,1.63
2003-12-30 00:00:00,1.61
2004-01-30 00:00:00,1.55
2004-02-28 00:00:00,1.56
2004-03-30 00:00:00,1.6
2004-04-29 00:00:00,1.61
2004-05-30 00:00:00,1.67
2004-06-29 00:00:00,1.64
2004-07-30 00:00:00,1.7
2004-08-30 00:00:00,1.74
2004-09-29 00:00:00,1.71
2004-10-30 00:00:00,1.72
2004-11-29 00:00:00,1.66
2004-12-30 00:00:00,1.62
2005-01-30 00:00:00,1.67
2005-02-27 00:00:00,1.66
2005-03-30 00:00:00,1.69
2005-04-29 00:00:00,1.76
2005-05-30 00:00:00,1.76
2005-06-29 00:00:00,1.74
2005-07-30 00:00:00,1.73
2005-08-30 00:00:00,1.74
2005-09-29 00:00:00,1.75
2005-10-30 00:00:00,1.82
2005-11-29 00:00:00,1.78
2005-12-30 00:00:00,1.76
2006-01-30 00:00:00,1.75
2006-02-27 00:00:00,1.77
2006-03-30 00:00:00,1.76
2006-04-29 00:00:00,1.77
2006-05-30 00:00:00,1.8
2006-06-29 00:00:00,1.87
2006-07-30 00:00:00,1.88
2006-08-30 00:00:00,1.85
2006-09-29 00:00:00,1.83
2006-10-30 00:00:00,1.79
2006-11-29 00:00:00,1.77
2006-12-30 00:00:00,1.76
2007-01-30 00:00:00,1.76
2007-02-27 00:00:00,1.75
2007-03-30 00:00:00,1.81
2007-04-29 00:00:00,1.76
2007-05-30 00:00:00,1.72
2007-06-29 00:00:00,1.73
2007-07-30 00:00:00,1.74
2007-08-30 00:00:00,1.84
2007-09-29 00:00:00,1.8
2007-10-30 00:00:00,1.77
2007-11-29 00:00:00,1.88
2007-12-30 00:00:00,1.87
2008-01-30 00:00:00,2.03
2008-02-28 00:00:00,2.07
2008-03-30 00:00:00,2.15
2008-04-29 00:00:00,2.08
2008-05-30 00:00:00,2.04
2008-06-29 00:00:00,2.14
2008-07-30 00:00:00,2.29
2008-08-30 00:00:00,2.25
2008-09-29 00:00:00,2.37
2008-10-30 00:00:00,2.96
2008-11-29 00:00:00,3.23
2008-12-30 00:00:00,3.23
2009-01-30 00:00:00,3.24
2009-02-27 00:00:00,3.43
2009-03-30 00:00:00,3.6
2009-04-29 00:00:00,3.15
2009-05-30 00:00:00,2.9
2009-06-29 00:00:00,2.76
2009-07-30 00:00:00,2.67
2009-08-30 00:00:00,2.42
2009-09-29 00:00:00,2.29
2009-10-30 00:00:00,2.19
2009-11-29 00:00:00,2.1
2009-12-30 00:00:00,2.02
2010-01-30 00:00:00,1.98
2010-02-27 00:00:00,2.03
2010-03-30 00:00:00,1.9
2010-04-29 00:00:00,1.83
2010-05-30 00:00:00,1.95
2010-06-29 00:00:00,2.03
2010-07-30 00:00:00,2.05
2010-08-30 00:00:00,2.05
2010-09-29 00:00:00,1.99
2010-10-30 00:00:00,1.92
2010-11-29 00:00:00,1.89
2010-12-30 00:00:00,1.83
2011-01-30 00:00:00,1.79
2011-02-27 00:00:00,1.76
2011-03-30 00:00:00,1.8
2011-04-29 00:00:00,1.78
2011-05-30 00:00:00,1.8
2011-06-29 00:00:00,1.89
2011-07-30 00:00:00,1.86
2011-08-30 00:00:00,2.1
2011-09-29 00:00:00,2.15
2011-10-30 00:00:00,2.12
2011-11-29 00:00:00,2.12
2011-12-30 00:00:00,2.13
2012-01-30 00:00:00,2.06
2012-02-28 00:00:00,2
2012-03-30 00:00:00,1.97
2012-04-29 00:00:00,2
2012-05-30 00:00:00,2.09
2012-06-29 00:00:00,2.14
2012-07-30 00:00:00,2.11
2012-08-30 00:00:00,2.08
2012-09-29 00:00:00,2.05
2012-10-30 00:00:00,2.1
2012-11-29 00:00:00,2.2
2012-12-30 00:00:00,2.2
2013-01-30 00:00:00,2.13
2013-02-27 00:00:00,2.1
2013-03-30 00:00:00,2.07
2013-04-29 00:00:00,2.07
2013-05-30 00:00:00,2.01
2013-06-29 00:00:00,2.06
2013-07-30 00:00:00,2.02
2013-08-30 00:00:00,2.04
2013-09-29 00:00:00,2.04
2013-10-30 00:00:00,2.01
2013-11-29 00:00:00,1.95
2013-12-30 00:00:00,1.94
2014-01-30 00:00:00,1.94
2014-02-27 00:00:00,1.97
2014-03-30 00:00:00,1.94
2014-04-29 00:00:00,1.96
2014-05-30 00:00:00,1.96
2014-06-29 00:00:00,1.92
2014-07-30 00:00:00,1.91
2014-08-30 00:00:00,1.94
2014-09-29 00:00:00,1.93
2014-10-30 00:00:00,2
2014-11-29 00:00:00,1.91
2014-12-30 00:00:00,1.92
2015-01-30 00:00:00,1.97
2015-02-27 00:00:00,1.94
2015-03-30 00:00:00,1.96
2015-04-29 00:00:00,1.96
2015-05-30 00:00:00,1.96
2015-06-29 00:00:00,1.99
2015-07-30 00:00:00,2.01
2015-08-30 00:00:00,2.07
2015-09-29 00:00:00,2.19
2015-10-30 00:00:00,2.11
2015-11-29 00:00:00,2.07
2015-12-30 00:00:00,2.11
2016-01-30 00:00:00,2.27
2016-02-28 00:00:00,2.3
2016-03-30 00:00:00,2.17
2016-04-29 00:00:00,2.12
2016-05-30 00:00:00,2.14
2016-06-29 00:00:00,2.13
2016-07-30 00:00:00,2.08
2016-08-30 00:00:00,2.07
2016-09-29 00:00:00,2.09
2016-10-30 00:00:00,2.11
2016-11-29 00:00:00,2.1
2016-12-30 00:00:00,2.03
2017-01-30 00:00:00,2.02
2017-02-27 00:00:00,1.98
2017-03-30 00:00:00,1.96
2017-04-29 00:00:00,1.98
2017-05-30 00:00:00,1.96
2017-06-29 00:00:00,1.94
2017-07-30 00:00:00,1.94
2017-08-30 00:00:00,1.95
2017-09-29 00:00:00,1.93
2017-10-30 00:00:00,1.89
2017-11-29 00:00:00,1.88
2017-12-30 00:00:00,1.84
2018-01-30 00:00:00,1.77
2018-02-27 00:00:00,1.84
2018-03-30 00:00:00,1.85
2018-04-29 00:00:00,1.9
2018-05-30 00:00:00,1.88
2018-06-29 00:00:00,1.85
2018-07-30 00:00:00,1.84
2018-08-30 00:00:00,1.82
2018-09-29 00:00:00,1.8
2018-10-30 00:00:00,1.9
2018-11-29 00:00:00,1.96
2018-12-30 00:00:00,2.09
2019-01-30 00:00:00,2.08
2019-02-27 00:00:00,1.98
2019-03-30 00:00:00,1.96
2019-04-29 00:00:00,1.9
2019-05-30 00:00:00,1.95
2019-06-29 00:00:00,1.94
2019-07-30 00:00:00,1.88
2019-08-30 00:00:00,1.96
2019-09-29 00:00:00,1.92
2019-10-30 00:00:00,1.93
2019-11-29 00:00:00,1.86
2019-12-30 00:00:00,1.83
2020-01-30 00:00:00,1.79
2020-02-28 00:00:00,1.8
2020-03-30 00:00:00,2.25
2020-04-29 00:00:00,2.16
2020-05-30 00:00:00,2.04
2020-06-29 00:00:00,1.92
2020-07-30 00:00:00,1.85
2020-08-30 00:00:00,1.74
2020-09-29 00:00:00,1.75
2020-10-30 00:00:00,1.72
2020-11-29 00:00:00,1.65
2020-12-30 00:00:00,1.58
2021-01-30 00:00:00,1.53
2021-02-27 00:00:00,1.49
2021-03-30 00:00:00,1.47
2021-04-29 00:00:00,1.39
2021-05-30 00:00:00,1.39
2021-06-29 00:00:00,1.37
2021-07-30 00:00:00,1.34
2021-08-30 00:00:00,1.32
2021-09-29 00:00:00,1.33
2021-10-30 00:00:00,1.34
2021-11-29 00:00:00,1.29
2021-12-30 00:00:00,1.29
2022-01-30 00:00:00,1.33
2022-02-27 00:00:00,1.39
2022-03-30 00:00:00,1.41
2022-04-29 00:00:00,1.43
2022-05-30 00:00:00,1.57
2022-06-29 00:00:00,1.64
2022-07-30 00:00:00,1.65
2022-08-30 00:00:00,1.56
2022-09-29 00:00:00,1.7
2022-10-30 00:00:00,1.77
2022-11-29 00:00:00,1.69
2022-12-30 00:00:00,1.71
2023-01-30 00:00:00,1.7
2023-02-27 00:00:00,1.66
2023-03-30 00:00:00,1.72
2023-04-29 00:00:00,1.66
2023-05-30 00:00:00,1.65
2023-06-29 00:00:00,1.58
2023-07-30 00:00:00,1.53
2023-08-30 00:00:00,1.56
2023-09-29 00:00:00,1.57
2023-10-30 00:00:00,1.64
2023-11-29 00:00:00,1.57
2023-12-30 00:00:00,1.5
2024-01-30 00:00:00,1.47
2024-02-28 00:00:00,1.41
2024-03-30 00:00:00,1.37
2024-04-29 00:00:00,1.39
2024-05-30 00:00:00,1.37
2024-06-29 00:00:00,1.33
2024-07-30 00:00:00,1.31
2024-08-30 00:00:00,1.33
2024-09-29 00:00:00,1.31
2024-10-30 00:00:00,1.28
2024-11-29 00:00:00,1.25
2024-12-30 00:00:00,1.24
2025-01-30 00:00:00,1.25
2025-02-06 00:00:00,1.24
2025-02-27 00:00:00,1.24
